{
    "cuisines": [
        {
            "cuisine": {
                "cuisine_id": 152,
                "cuisine_name": "African"
            }
        },
        {
            "cuisine": {
                "cuisine_id": 1,
                "cuisine_name": "American"
            }
        },
        {
            "cuisine": {
                "cuisine_id": 4,
                "cuisine_name": "Arabian"
            }
        },
        {
            "cuisine": {
                "cuisine_id": 3,
                "cuisine_name": "Asian"
            }
        },
        {
            "cuisine": {
                "cuisine_id": 131,
                "cuisine_name": "Australian"
            }
        },
        {
            "cuisine": {
                "cuisine_id": 193,
                "cuisine_name": "BBQ"
            }
        },
        {
            "cuisine": {
                "cuisine_id": 5,
                "cuisine_name": "Bakery"
            }
        },
        {
            "cuisine": {
                "cuisine_id": 227,
                "cuisine_name": "Bar Food"
            }
        },
        {
            "cuisine": {
                "cuisine_id": 270,
                "cuisine_name": "Beverages"
            }
        },
        {
            "cuisine": {
                "cuisine_id": 159,
                "cuisine_name": "Brazilian"
            }
        },
        {
            "cuisine": {
                "cuisine_id": 247,
                "cuisine_name": "Bubble Tea"
            }
        },
        {
            "cuisine": {
                "cuisine_id": 168,
                "cuisine_name": "Burger"
            }
        },
        {
            "cuisine": {
                "cuisine_id": 22,
                "cuisine_name": "Burmese"
            }
        },
        {
            "cuisine": {
                "cuisine_id": 30,
                "cuisine_name": "Cafe"
            }
        },
        {
            "cuisine": {
                "cuisine_id": 121,
                "cuisine_name": "Cantonese"
            }
        },
        {
            "cuisine": {
                "cuisine_id": 25,
                "cuisine_name": "Chinese"
            }
        },
        {
            "cuisine": {
                "cuisine_id": 1040,
                "cuisine_name": "Coffee"
            }
        },
        {
            "cuisine": {
                "cuisine_id": 35,
                "cuisine_name": "Continental"
            }
        },
        {
            "cuisine": {
                "cuisine_id": 100,
                "cuisine_name": "Desserts"
            }
        },
        {
            "cuisine": {
                "cuisine_id": 411,
                "cuisine_name": "Dim Sum"
            }
        },
        {
            "cuisine": {
                "cuisine_id": 268,
                "cuisine_name": "Drinks Only"
            }
        },
        {
            "cuisine": {
                "cuisine_id": 38,
                "cuisine_name": "European"
            }
        },
        {
            "cuisine": {
                "cuisine_id": 40,
                "cuisine_name": "Fast Food"
            }
        },
        {
            "cuisine": {
                "cuisine_id": 112,
                "cuisine_name": "Filipino"
            }
        },
        {
            "cuisine": {
                "cuisine_id": 271,
                "cuisine_name": "Finger Food"
            }
        },
        {
            "cuisine": {
                "cuisine_id": 45,
                "cuisine_name": "French"
            }
        },
        {
            "cuisine": {
                "cuisine_id": 501,
                "cuisine_name": "Frozen Yogurt"
            }
        },
        {
            "cuisine": {
                "cuisine_id": 274,
                "cuisine_name": "Fusion"
            }
        },
        {
            "cuisine": {
                "cuisine_id": 134,
                "cuisine_name": "German"
            }
        },
        {
            "cuisine": {
                "cuisine_id": 156,
                "cuisine_name": "Greek"
            }
        },
        {
            "cuisine": {
                "cuisine_id": 999,
                "cuisine_name": "Hainanese"
            }
        },
        {
            "cuisine": {
                "cuisine_id": 441,
                "cuisine_name": "Hakka Chinese"
            }
        },
        {
            "cuisine": {
                "cuisine_id": 143,
                "cuisine_name": "Healthy Food"
            }
        },
        {
            "cuisine": {
                "cuisine_id": 1000,
                "cuisine_name": "Hokkien"
            }
        },
        {
            "cuisine": {
                "cuisine_id": 233,
                "cuisine_name": "Ice Cream"
            }
        },
        {
            "cuisine": {
                "cuisine_id": 148,
                "cuisine_name": "Indian"
            }
        },
        {
            "cuisine": {
                "cuisine_id": 114,
                "cuisine_name": "Indonesian"
            }
        },
        {
            "cuisine": {
                "cuisine_id": 135,
                "cuisine_name": "Irish"
            }
        },
        {
            "cuisine": {
                "cuisine_id": 55,
                "cuisine_name": "Italian"
            }
        },
        {
            "cuisine": {
                "cuisine_id": 60,
                "cuisine_name": "Japanese"
            }
        },
        {
            "cuisine": {
                "cuisine_id": 164,
                "cuisine_name": "Juices"
            }
        },
        {
            "cuisine": {
                "cuisine_id": 67,
                "cuisine_name": "Korean"
            }
        },
        {
            "cuisine": {
                "cuisine_id": 136,
                "cuisine_name": "Latin American"
            }
        },
        {
            "cuisine": {
                "cuisine_id": 66,
                "cuisine_name": "Lebanese"
            }
        },
        {
            "cuisine": {
                "cuisine_id": 1008,
                "cuisine_name": "Malay"
            }
        },
        {
            "cuisine": {
                "cuisine_id": 69,
                "cuisine_name": "Malaysian"
            }
        },
        {
            "cuisine": {
                "cuisine_id": 70,
                "cuisine_name": "Mediterranean"
            }
        },
        {
            "cuisine": {
                "cuisine_id": 73,
                "cuisine_name": "Mexican"
            }
        },
        {
            "cuisine": {
                "cuisine_id": 137,
                "cuisine_name": "Middle Eastern"
            }
        },
        {
            "cuisine": {
                "cuisine_id": 117,
                "cuisine_name": "Nepalese"
            }
        },
        {
            "cuisine": {
                "cuisine_id": 50,
                "cuisine_name": "North Indian"
            }
        },
        {
            "cuisine": {
                "cuisine_id": 1001,
                "cuisine_name": "Nyonya"
            }
        },
        {
            "cuisine": {
                "cuisine_id": 183,
                "cuisine_name": "Patisserie"
            }
        },
        {
            "cuisine": {
                "cuisine_id": 118,
                "cuisine_name": "Peranakan"
            }
        },
        {
            "cuisine": {
                "cuisine_id": 82,
                "cuisine_name": "Pizza"
            }
        },
        {
            "cuisine": {
                "cuisine_id": 87,
                "cuisine_name": "Portuguese"
            }
        },
        {
            "cuisine": {
                "cuisine_id": 983,
                "cuisine_name": "Pub Food"
            }
        },
        {
            "cuisine": {
                "cuisine_id": 84,
                "cuisine_name": "Russian"
            }
        },
        {
            "cuisine": {
                "cuisine_id": 998,
                "cuisine_name": "Salad"
            }
        },
        {
            "cuisine": {
                "cuisine_id": 304,
                "cuisine_name": "Sandwich"
            }
        },
        {
            "cuisine": {
                "cuisine_id": 83,
                "cuisine_name": "Seafood"
            }
        },
        {
            "cuisine": {
                "cuisine_id": 128,
                "cuisine_name": "Sichuan"
            }
        },
        {
            "cuisine": {
                "cuisine_id": 119,
                "cuisine_name": "Singaporean"
            }
        },
        {
            "cuisine": {
                "cuisine_id": 85,
                "cuisine_name": "South Indian"
            }
        },
        {
            "cuisine": {
                "cuisine_id": 89,
                "cuisine_name": "Spanish"
            }
        },
        {
            "cuisine": {
                "cuisine_id": 86,
                "cuisine_name": "Sri Lankan"
            }
        },
        {
            "cuisine": {
                "cuisine_id": 141,
                "cuisine_name": "Steak"
            }
        },
        {
            "cuisine": {
                "cuisine_id": 1002,
                "cuisine_name": "Steamboat"
            }
        },
        {
            "cuisine": {
                "cuisine_id": 177,
                "cuisine_name": "Sushi"
            }
        },
        {
            "cuisine": {
                "cuisine_id": 213,
                "cuisine_name": "Swiss"
            }
        },
        {
            "cuisine": {
                "cuisine_id": 190,
                "cuisine_name": "Taiwanese"
            }
        },
        {
            "cuisine": {
                "cuisine_id": 163,
                "cuisine_name": "Tea"
            }
        },
        {
            "cuisine": {
                "cuisine_id": 1003,
                "cuisine_name": "Teochew"
            }
        },
        {
            "cuisine": {
                "cuisine_id": 981,
                "cuisine_name": "Teppanyaki"
            }
        },
        {
            "cuisine": {
                "cuisine_id": 95,
                "cuisine_name": "Thai"
            }
        },
        {
            "cuisine": {
                "cuisine_id": 93,
                "cuisine_name": "Tibetan"
            }
        },
        {
            "cuisine": {
                "cuisine_id": 142,
                "cuisine_name": "Turkish"
            }
        },
        {
            "cuisine": {
                "cuisine_id": 308,
                "cuisine_name": "Vegetarian"
            }
        },
        {
            "cuisine": {
                "cuisine_id": 99,
                "cuisine_name": "Vietnamese"
            }
        },
        {
            "cuisine": {
                "cuisine_id": 248,
                "cuisine_name": "Western"
            }
        }
    ]
}