{
    "location_suggestions": [
        {
            "id": 280,
            "name": "New York City, NY",
            "country_id": 216,
            "country_name": "United States",
            "country_flag_url": "https://b.zmtcdn.com/images/countries/flags/country_216.png",
            "should_experiment_with": 0,
            "has_go_out_tab": 0,
            "discovery_enabled": 1,
            "has_new_ad_format": 0,
            "is_state": 0,
            "state_id": 103,
            "state_name": "New York State",
            "state_code": "NY"
        },
        {
            "id": 63,
            "name": "Metro Manila",
            "country_id": 162,
            "country_name": "Philippines",
            "country_flag_url": "https://b.zmtcdn.com/images/countries/flags/country_162.png",
            "should_experiment_with": 0,
            "has_go_out_tab": 0,
            "discovery_enabled": 0,
            "has_new_ad_format": 1,
            "is_state": 0,
            "state_id": 0,
            "state_name": "",
            "state_code": ""
        },
        {
            "id": 1213,
            "name": "Salt Lake City, UT",
            "country_id": 216,
            "country_name": "United States",
            "country_flag_url": "https://b.zmtcdn.com/images/countries/flags/country_216.png",
            "should_experiment_with": 0,
            "has_go_out_tab": 0,
            "discovery_enabled": 1,
            "has_new_ad_format": 0,
            "is_state": 0,
            "state_id": 112,
            "state_name": "Utah",
            "state_code": "UT"
        },
        {
            "id": 1051,
            "name": "OK City",
            "country_id": 216,
            "country_name": "United States",
            "country_flag_url": "https://b.zmtcdn.com/images/countries/flags/country_216.png",
            "should_experiment_with": 0,
            "has_go_out_tab": 0,
            "discovery_enabled": 1,
            "has_new_ad_format": 0,
            "is_state": 0,
            "state_id": 105,
            "state_name": "Oklahoma",
            "state_code": "OK"
        },
        {
            "id": 856,
            "name": "Kansas City, MO",
            "country_id": 216,
            "country_name": "United States",
            "country_flag_url": "https://b.zmtcdn.com/images/countries/flags/country_216.png",
            "should_experiment_with": 0,
            "has_go_out_tab": 0,
            "discovery_enabled": 1,
            "has_new_ad_format": 0,
            "is_state": 0,
            "state_id": 92,
            "state_name": "Missouri",
            "state_code": "MO"
        },
        {
            "id": 11171,
            "name": "Kansas City, KS",
            "country_id": 216,
            "country_name": "United States",
            "country_flag_url": "https://b.zmtcdn.com/images/countries/flags/country_216.png",
            "should_experiment_with": 0,
            "has_go_out_tab": 0,
            "discovery_enabled": 1,
            "has_new_ad_format": 0,
            "is_state": 0,
            "state_id": 84,
            "state_name": "Kansas",
            "state_code": "KS"
        },
        {
            "id": 811,
            "name": "Traverse City, MI",
            "country_id": 216,
            "country_name": "United States",
            "country_flag_url": "https://b.zmtcdn.com/images/countries/flags/country_216.png",
            "should_experiment_with": 0,
            "has_go_out_tab": 0,
            "discovery_enabled": 0,
            "has_new_ad_format": 0,
            "is_state": 0,
            "state_id": 90,
            "state_name": "Michigan",
            "state_code": "MI"
        },
        {
            "id": 3959,
            "name": "Jersey City, NJ",
            "country_id": 216,
            "country_name": "United States",
            "country_flag_url": "https://b.zmtcdn.com/images/countries/flags/country_216.png",
            "should_experiment_with": 0,
            "has_go_out_tab": 0,
            "discovery_enabled": 0,
            "has_new_ad_format": 0,
            "is_state": 0,
            "state_id": 100,
            "state_name": "New Jersey",
            "state_code": "NJ"
        },
        {
            "id": 1135,
            "name": "Johnson City, TN",
            "country_id": 216,
            "country_name": "United States",
            "country_flag_url": "https://b.zmtcdn.com/images/countries/flags/country_216.png",
            "should_experiment_with": 0,
            "has_go_out_tab": 0,
            "discovery_enabled": 0,
            "has_new_ad_format": 0,
            "is_state": 0,
            "state_id": 110,
            "state_name": "Tennessee",
            "state_code": "TN"
        },
        {
            "id": 652,
            "name": "Cedar Rapids/IA City",
            "country_id": 216,
            "country_name": "United States",
            "country_flag_url": "https://b.zmtcdn.com/images/countries/flags/country_216.png",
            "should_experiment_with": 0,
            "has_go_out_tab": 0,
            "discovery_enabled": 0,
            "has_new_ad_format": 0,
            "is_state": 0,
            "state_id": 80,
            "state_name": "Iowa",
            "state_code": "IA"
        }
    ],
    "status": "success",
    "has_more": 0,
    "has_total": 0,
    "user_has_addresses": true
}