{
    "establishments": [
        {
            "establishment": {
                "id": 5,
                "name": "Lounge"
            }
        },
        {
            "establishment": {
                "id": 6,
                "name": "Pub"
            }
        },
        {
            "establishment": {
                "id": 21,
                "name": "Quick Bites"
            }
        },
        {
            "establishment": {
                "id": 16,
                "name": "Casual Dining"
            }
        },
        {
            "establishment": {
                "id": 1,
                "name": "Caf�"
            }
        },
        {
            "establishment": {
                "id": 7,
                "name": "Bar"
            }
        },
        {
            "establishment": {
                "id": 20,
                "name": "Food Court"
            }
        },
        {
            "establishment": {
                "id": 288,
                "name": "Hawker Centre"
            }
        },
        {
            "establishment": {
                "id": 31,
                "name": "Bakery"
            }
        },
        {
            "establishment": {
                "id": 18,
                "name": "Fine Dining"
            }
        },
        {
            "establishment": {
                "id": 23,
                "name": "Dessert Parlour"
            }
        },
        {
            "establishment": {
                "id": 8,
                "name": "Club"
            }
        },
        {
            "establishment": {
                "id": 281,
                "name": "Fast Food"
            }
        },
        {
            "establishment": {
                "id": 111,
                "name": "Tea Room"
            }
        },
        {
            "establishment": {
                "id": 284,
                "name": "Juice Bar"
            }
        },
        {
            "establishment": {
                "id": 81,
                "name": "Food Truck"
            }
        },
        {
            "establishment": {
                "id": 289,
                "name": "Kopitiam"
            }
        },
        {
            "establishment": {
                "id": 41,
                "name": "Beverage Shop"
            }
        },
        {
            "establishment": {
                "id": 291,
                "name": "Sweet Shop"
            }
        }
    ]
}